Built,n,prop
3.5.0,15,0.04792332268370607
3.5.1,109,0.34824281150159747
3.5.2,189,0.6038338658146964
